vistoria_id,data,tecnico,regiao,tipo,conforme,causa,multa_valor,checklist_score,tempo_minutos,reincidencia,equipamento
1001,2025-08-22,tec_04,Norte,instalacao,False,identificacao_porta,487.46,0.35,154,False,ONU
1002,2025-10-21,tec_12,Centro,auditoria,True,,0.0,0.96,83,False,ROTEADOR
1003,2025-12-20,tec_04,Oeste,instalacao,True,,0.0,0.82,57,False,CABO
1004,2026-01-10,tec_02,Norte,auditoria,True,,0.0,0.9,90,False,CABO
1005,2025-11-26,tec_11,Sul,instalacao,True,,0.0,0.96,59,False,ONU
1006,2026-06-25,tec_04,Leste,reparo,False,identificacao_porta,0.0,0.64,110,False,ROTEADOR
1007,2026-06-16,tec_12,Leste,auditoria,False,sobra_fibra,0.0,0.33,141,False,ROTEADOR
1008,2026-06-01,tec_12,Sul,auditoria,False,identificacao_porta,698.0,0.65,158,False,ONU
1009,2025-09-09,tec_07,Centro,auditoria,True,,0.0,0.73,42,False,ONU
1010,2026-01-12,tec_10,Sul,reparo,True,,0.0,0.79,70,False,ONU
1011,2025-11-14,tec_11,Norte,instalacao,True,,0.0,0.8,45,False,CABO
1012,2026-05-17,tec_09,Leste,instalacao,False,identificacao_porta,0.0,0.63,159,False,CABO
1013,2025-08-27,tec_06,Centro,auditoria,True,,0.0,0.95,54,False,ROTEADOR
1014,2025-08-05,tec_02,Sul,instalacao,True,,0.0,0.76,77,False,ROTEADOR
1015,2025-10-17,tec_10,Centro,auditoria,True,,0.0,0.91,80,False,ONU
1016,2025-10-24,tec_08,Leste,auditoria,True,,0.0,0.88,72,False,ONU
1017,2025-07-17,tec_04,Norte,instalacao,True,,0.0,0.79,77,False,ONU
1018,2026-02-28,tec_10,Centro,auditoria,True,,0.0,0.75,62,False,ROTEADOR
1019,2026-05-27,tec_01,Oeste,auditoria,True,,0.0,0.82,90,False,ROTEADOR
1020,2025-11-20,tec_03,Sul,reparo,False,sobra_fibra,0.0,0.34,102,True,ONU
1021,2026-03-06,tec_04,Centro,instalacao,False,identificacao_porta,556.17,0.8,190,False,ONU
1022,2026-03-07,tec_09,Leste,auditoria,True,,0.0,0.99,72,False,ROTEADOR
1023,2026-03-15,tec_01,Norte,instalacao,True,,0.0,0.74,67,False,ROTEADOR
1024,2026-01-23,tec_11,Sul,instalacao,False,vedacao_cto,0.0,0.44,143,False,CABO
1025,2025-12-08,tec_04,Centro,reparo,True,,0.0,0.91,54,False,ROTEADOR
1026,2025-08-07,tec_10,Norte,auditoria,True,,0.0,0.76,57,False,CABO
1027,2026-06-26,tec_08,Sul,instalacao,False,vedacao_cto,0.0,0.74,160,False,ROTEADOR
1028,2025-08-24,tec_05,Norte,instalacao,True,,0.0,0.8,48,False,ONU
1029,2025-07-27,tec_09,Sul,reparo,True,,0.0,0.8,35,False,ROTEADOR
1030,2026-04-09,tec_03,Sul,reparo,True,,0.0,0.75,79,False,ROTEADOR
1031,2026-02-06,tec_10,Centro,reparo,True,,0.0,0.97,85,False,ROTEADOR
1032,2025-08-22,tec_11,Norte,instalacao,True,,0.0,0.96,74,False,ONU
1033,2025-12-18,tec_07,Sul,instalacao,True,,0.0,0.91,82,False,ONU
1034,2025-07-20,tec_02,Leste,auditoria,True,,0.0,0.95,64,False,ONU
1035,2025-11-20,tec_04,Sul,auditoria,False,vedacao_cto,692.46,0.45,158,False,ONU
1036,2025-11-13,tec_03,Norte,reparo,True,,0.0,0.82,85,False,ROTEADOR
1037,2025-10-06,tec_07,Centro,instalacao,True,,0.0,0.72,86,False,CABO
1038,2026-05-16,tec_11,Sul,instalacao,False,identificacao_porta,563.36,0.7,141,False,CABO
1039,2026-06-12,tec_11,Centro,reparo,True,,0.0,0.88,60,False,CABO
1040,2026-05-07,tec_07,Norte,instalacao,True,,0.0,0.84,48,False,ROTEADOR
1041,2026-05-14,tec_09,Sul,reparo,False,ancoragem_cabo,259.74,0.71,93,True,ROTEADOR
1042,2026-05-19,tec_08,Oeste,instalacao,True,,0.0,0.83,60,False,ONU
1043,2026-06-22,tec_07,Norte,instalacao,True,,0.0,0.79,89,False,ONU
1045,2026-02-16,tec_12,Centro,instalacao,True,,0.0,0.9,84,False,CABO
1047,2026-01-29,tec_12,Sul,instalacao,True,,0.0,0.84,48,False,ONU
1048,2026-04-21,tec_12,Oeste,auditoria,True,,0.0,0.82,83,False,ONU
1049,2025-10-21,tec_09,Oeste,auditoria,True,,0.0,0.86,59,False,ROTEADOR
1050,2026-03-31,tec_03,Oeste,reparo,True,,0.0,0.88,36,False,CABO
1051,2026-01-11,tec_03,Oeste,reparo,True,,0.0,0.81,59,False,ONU
1052,2026-04-03,tec_08,Oeste,instalacao,False,identificacao_porta,0.0,0.42,95,False,ONU
1053,2025-09-03,tec_10,Sul,instalacao,True,,0.0,0.99,64,False,ONU
1054,2025-09-22,tec_12,Leste,auditoria,True,,0.0,0.73,54,False,ROTEADOR
1055,2026-06-19,tec_04,Oeste,auditoria,True,,0.0,0.92,54,False,ONU
1056,2026-02-05,tec_01,Centro,auditoria,True,,0.0,0.9,35,False,ONU
1057,2026-02-21,tec_11,Oeste,reparo,True,,0.0,0.93,76,False,CABO
1058,2026-04-30,tec_07,Centro,reparo,False,identificacao_porta,0.0,0.76,121,False,ROTEADOR
1059,2025-12-14,tec_06,Centro,reparo,True,,0.0,0.94,56,False,ONU
1060,2025-10-06,tec_09,Centro,reparo,False,ancoragem_cabo,0.0,0.57,172,False,ONU
1061,2026-06-20,tec_05,Oeste,instalacao,True,,0.0,0.82,70,False,ONU
1062,2026-02-18,tec_06,Oeste,auditoria,True,,0.0,0.75,47,False,ONU
1063,2026-03-05,tec_03,Centro,auditoria,False,vedacao_cto,0.0,0.72,196,True,ONU
1064,2025-09-03,tec_01,Sul,reparo,False,ancoragem_cabo,460.54,0.6,152,True,ROTEADOR
1065,2025-10-03,tec_08,Norte,reparo,True,,0.0,0.96,42,False,ONU
1066,2025-09-16,tec_11,Oeste,auditoria,True,,0.0,0.81,50,False,ROTEADOR
1067,2026-01-11,tec_04,Oeste,auditoria,True,,0.0,0.96,62,False,ROTEADOR
1068,2025-10-15,tec_02,Centro,auditoria,True,,0.0,0.74,50,False,CABO
1069,2026-02-26,tec_08,Norte,reparo,True,,0.0,0.92,79,False,ROTEADOR
1070,2025-10-10,tec_11,Norte,reparo,True,,0.0,0.9,52,False,ROTEADOR
1071,2026-04-18,tec_10,Norte,reparo,True,,0.0,0.85,54,False,ROTEADOR
1072,2025-07-21,tec_08,Leste,reparo,False,identificacao_porta,669.72,0.63,200,False,ONU
1074,2026-01-26,tec_02,Oeste,reparo,True,,0.0,0.96,56,False,ROTEADOR
1075,2025-08-15,tec_09,Oeste,reparo,True,,0.0,0.99,60,False,ONU
1076,2025-10-05,tec_08,Norte,auditoria,True,,0.0,0.86,63,False,ONU
1077,2026-06-23,tec_05,Sul,instalacao,True,,0.0,0.9,86,True,ONU
1079,2025-11-17,tec_05,Sul,auditoria,True,,0.0,0.85,64,False,ROTEADOR
1080,2025-09-08,tec_09,Oeste,auditoria,True,,0.0,0.94,61,False,ROTEADOR
1081,2026-04-27,tec_05,Centro,instalacao,True,,0.0,0.96,63,False,ROTEADOR
1082,2025-12-12,tec_07,Leste,auditoria,False,identificacao_porta,0.0,0.43,142,True,ROTEADOR
1083,2026-05-30,tec_07,Oeste,reparo,True,,0.0,0.73,67,False,CABO
1084,2026-02-19,tec_02,Leste,reparo,True,,0.0,0.96,44,True,ROTEADOR
1085,2025-12-16,tec_07,Leste,auditoria,False,identificacao_porta,0.0,0.51,187,False,ROTEADOR
1086,2025-11-25,tec_04,Centro,instalacao,True,,0.0,0.84,41,False,ROTEADOR
1087,2025-07-24,tec_05,Norte,auditoria,True,,0.0,0.82,62,True,CABO
1088,2025-08-10,tec_03,Centro,auditoria,True,,0.0,0.91,66,False,ONU
1089,2026-06-07,tec_05,Sul,auditoria,False,ancoragem_cabo,332.52,0.8,134,False,ROTEADOR
1090,2025-12-02,tec_12,Leste,reparo,True,,0.0,0.86,50,False,ONU
1091,2026-06-03,tec_05,Leste,auditoria,True,,0.0,0.96,84,False,ONU
1092,2025-11-24,tec_08,Norte,auditoria,True,,0.0,0.94,49,False,ROTEADOR
1093,2025-09-09,tec_11,Centro,auditoria,False,identificacao_porta,631.83,0.66,183,True,ROTEADOR
1094,2026-04-03,tec_03,Leste,reparo,True,,0.0,0.86,52,False,ONU
1095,2025-12-21,tec_05,Leste,reparo,True,,0.0,0.74,83,False,ROTEADOR
1096,2026-01-19,tec_06,Oeste,auditoria,True,,0.0,0.85,78,False,ONU
1097,2025-10-28,tec_06,Leste,auditoria,False,identificacao_porta,0.0,0.82,172,True,ONU
1098,2025-09-10,tec_11,Oeste,reparo,True,,0.0,1.0,42,False,ONU
1099,2026-06-22,tec_06,Centro,reparo,True,,0.0,0.93,44,False,ROTEADOR
1100,2025-11-21,tec_07,Norte,auditoria,True,,0.0,0.84,50,False,CABO
1101,2026-05-27,tec_09,Norte,reparo,True,,0.0,0.77,42,False,CABO
1102,2025-07-11,tec_11,Oeste,instalacao,True,,0.0,1.0,85,False,ROTEADOR
1103,2025-10-28,tec_04,Norte,auditoria,True,,0.0,0.97,35,False,ROTEADOR
1104,2025-08-26,tec_05,Sul,auditoria,True,,0.0,0.72,85,False,ROTEADOR
1105,2026-02-01,tec_05,Centro,instalacao,True,,0.0,0.85,84,False,ONU
1106,2025-07-23,tec_04,Centro,auditoria,False,identificacao_porta,0.0,0.66,93,True,CABO
1107,2026-06-30,tec_11,Oeste,reparo,True,,0.0,0.74,73,False,ONU
1108,2025-12-14,tec_10,Sul,auditoria,True,,0.0,0.8,67,False,ROTEADOR
1109,2026-04-09,tec_11,Norte,instalacao,True,,0.0,0.85,49,False,ROTEADOR
1110,2025-12-08,tec_02,Oeste,auditoria,True,,0.0,0.76,65,True,ONU
1111,2025-09-05,tec_12,Norte,instalacao,True,,0.0,0.88,56,False,ROTEADOR
1112,2025-07-27,tec_07,Oeste,auditoria,True,,0.0,0.82,71,False,CABO
1114,2026-06-02,tec_01,Centro,auditoria,True,,0.0,0.77,79,False,ROTEADOR
1116,2025-07-27,tec_10,Leste,reparo,False,identificacao_porta,569.61,0.33,167,False,ROTEADOR
1117,2025-08-26,tec_02,Leste,auditoria,False,ancoragem_cabo,318.58,0.57,166,True,ONU
1118,2025-11-26,tec_03,Sul,instalacao,True,,0.0,0.93,46,False,ROTEADOR
1120,2025-08-28,tec_11,Oeste,auditoria,False,outros,306.88,0.39,136,True,ONU
1121,2026-01-19,tec_07,Norte,auditoria,True,,0.0,0.78,84,False,ROTEADOR
1122,2025-12-26,tec_09,Centro,auditoria,False,identificacao_porta,502.39,0.65,112,False,ONU
1123,2026-04-15,tec_08,Norte,auditoria,True,,0.0,0.98,71,False,ROTEADOR
1124,2025-08-04,tec_06,Centro,auditoria,True,,0.0,0.94,72,True,ONU
1125,2026-01-05,tec_08,Centro,reparo,True,,0.0,0.96,89,False,ONU
1126,2025-07-22,tec_10,Centro,reparo,False,identificacao_porta,460.34,0.66,97,False,ROTEADOR
1127,2025-07-21,tec_09,Leste,instalacao,True,,0.0,0.84,68,False,ROTEADOR
1128,2025-12-21,tec_07,Leste,reparo,True,,0.0,0.9,56,True,ONU
1129,2026-06-02,tec_05,Norte,reparo,True,,0.0,0.76,40,False,ONU
1130,2026-01-17,tec_11,Sul,reparo,False,vedacao_cto,0.0,0.35,132,False,ROTEADOR
1131,2025-07-10,tec_07,Centro,auditoria,True,,0.0,0.78,84,False,ROTEADOR
1132,2025-08-21,tec_02,Sul,instalacao,True,,0.0,0.93,68,True,ONU
1133,2025-09-17,tec_03,Leste,auditoria,False,sobra_fibra,0.0,0.72,142,False,ROTEADOR
1134,2026-02-15,tec_05,Sul,auditoria,True,,0.0,0.99,85,False,ROTEADOR
1135,2025-11-22,tec_08,Sul,auditoria,True,,0.0,0.84,45,False,ROTEADOR
1136,2026-01-07,tec_01,Centro,reparo,True,,0.0,0.96,89,False,ROTEADOR
1137,2025-09-14,tec_08,Norte,reparo,True,,0.0,0.97,87,False,CABO
1138,2026-01-08,tec_01,Leste,reparo,False,identificacao_porta,0.0,0.51,197,False,ONU
1139,2026-02-27,tec_01,Leste,instalacao,True,,0.0,0.92,63,False,ONU
1140,2026-05-08,tec_03,Norte,instalacao,True,,0.0,0.8,54,False,ROTEADOR
1141,2026-03-13,tec_08,Sul,auditoria,True,,0.0,0.86,50,False,ONU
1142,2026-01-30,tec_06,Leste,auditoria,False,identificacao_porta,0.0,0.59,159,False,ONU
1143,2026-01-15,tec_08,Centro,reparo,True,,0.0,0.72,85,True,ONU
1144,2025-12-18,tec_02,Sul,auditoria,True,,0.0,0.81,76,False,ROTEADOR
1145,2025-09-08,tec_11,Oeste,reparo,False,identificacao_porta,479.79,0.55,95,False,ONU
1146,2026-05-28,tec_08,Leste,auditoria,True,,0.0,0.94,90,False,ONU
1147,2026-02-11,tec_07,Leste,reparo,True,,0.0,0.99,66,False,CABO
1148,2026-02-03,tec_05,Leste,auditoria,False,vedacao_cto,332.03,0.75,174,True,ROTEADOR
1149,2025-12-27,tec_03,Oeste,reparo,True,,0.0,0.98,74,False,ROTEADOR
1150,2026-01-24,tec_02,Leste,instalacao,False,outros,282.27,0.67,190,False,ROTEADOR
1151,2026-04-17,tec_06,Sul,auditoria,True,,0.0,0.85,58,False,ONU
1152,2026-05-29,tec_06,Norte,auditoria,False,identificacao_porta,765.42,0.31,105,False,ONU
1153,2026-03-09,tec_10,Leste,instalacao,True,,0.0,0.74,46,False,ONU
1154,2026-06-29,tec_06,Oeste,auditoria,True,,0.0,0.97,89,False,ROTEADOR
1155,2025-10-11,tec_04,Sul,auditoria,True,,0.0,0.86,58,False,ONU
1156,2025-08-14,tec_03,Leste,auditoria,True,,0.0,0.92,65,False,ROTEADOR
1157,2026-05-25,tec_03,Oeste,instalacao,True,,0.0,0.86,43,False,CABO
1158,2025-07-29,tec_03,Centro,instalacao,True,,0.0,0.81,45,False,ONU
1159,2025-11-06,tec_05,Sul,auditoria,False,vedacao_cto,0.0,0.45,101,True,ROTEADOR
1160,2026-05-16,tec_03,Sul,auditoria,True,,0.0,0.96,71,True,ONU
1161,2025-10-16,tec_10,Norte,auditoria,True,,0.0,0.9,66,False,ONU
1162,2026-06-16,tec_08,Centro,reparo,True,,0.0,0.91,45,False,ONU
1163,2025-12-11,tec_10,Oeste,reparo,True,,0.0,0.99,43,False,ONU
1164,2025-11-14,tec_04,Centro,reparo,True,,0.0,0.73,59,False,ROTEADOR
1165,2025-12-08,tec_06,Oeste,instalacao,True,,0.0,1.0,64,False,CABO
1166,2025-11-01,tec_07,Leste,instalacao,True,,0.0,0.73,66,False,ROTEADOR
1167,2025-11-13,tec_02,Oeste,instalacao,True,,0.0,0.82,60,True,ONU
1168,2026-03-16,tec_05,Centro,auditoria,True,,0.0,0.95,74,False,ONU
1169,2025-12-21,tec_07,Norte,instalacao,True,,0.0,0.76,73,False,ONU
1170,2026-02-28,tec_03,Centro,instalacao,True,,0.0,0.97,43,False,ROTEADOR
1171,2025-12-01,tec_10,Centro,reparo,True,,0.0,0.86,66,False,ROTEADOR
1172,2025-08-26,tec_06,Leste,instalacao,True,,0.0,0.94,81,False,ONU
1173,2026-04-23,tec_11,Norte,reparo,True,,0.0,0.88,45,False,ROTEADOR
1174,2025-11-02,tec_03,Centro,reparo,False,identificacao_porta,460.57,0.36,178,False,ROTEADOR
1175,2026-06-27,tec_12,Centro,reparo,True,,0.0,1.0,77,False,ROTEADOR
1176,2025-12-23,tec_08,Oeste,instalacao,True,,0.0,0.96,78,False,CABO
1177,2025-11-30,tec_04,Leste,instalacao,False,identificacao_porta,682.0,0.46,130,False,ONU
1178,2026-04-20,tec_05,Centro,auditoria,True,,0.0,0.99,87,False,ONU
1179,2026-02-12,tec_12,Sul,reparo,True,,0.0,0.78,87,False,ONU
1180,2026-04-27,tec_02,Centro,instalacao,True,,0.0,0.97,49,False,ROTEADOR
1181,2026-06-14,tec_12,Norte,reparo,True,,0.0,0.87,45,False,ROTEADOR
1182,2026-05-27,tec_05,Oeste,instalacao,False,identificacao_porta,0.0,0.66,198,False,ONU
1183,2026-01-20,tec_01,Sul,instalacao,True,,0.0,0.93,90,False,CABO
1184,2025-12-19,tec_10,Norte,auditoria,False,vedacao_cto,0.0,0.6,198,False,ONU
1185,2026-02-20,tec_06,Leste,instalacao,False,identificacao_porta,669.76,0.31,114,True,ONU
1186,2026-06-08,tec_06,Oeste,auditoria,False,outros,215.07,0.56,147,False,ONU
1187,2026-05-31,tec_10,Leste,auditoria,True,,0.0,0.91,64,False,ONU
1188,2026-05-24,tec_05,Oeste,auditoria,True,,0.0,0.89,49,False,ROTEADOR
1189,2026-06-25,tec_10,Oeste,auditoria,True,,0.0,0.87,77,False,ONU
1190,2026-03-28,tec_02,Sul,auditoria,True,,0.0,0.88,38,False,ROTEADOR
1191,2026-03-24,tec_03,Centro,auditoria,False,vedacao_cto,0.0,0.69,147,False,ONU
1192,2026-04-13,tec_08,Oeste,reparo,False,identificacao_porta,0.0,0.7,185,False,ROTEADOR
1193,2025-07-31,tec_12,Norte,reparo,True,,0.0,0.98,37,False,ONU
1194,2026-02-01,tec_12,Sul,auditoria,False,documentacao,93.64,0.55,174,False,ROTEADOR
1195,2026-04-02,tec_02,Sul,reparo,True,,0.0,0.99,88,True,ONU
1196,2026-02-03,tec_11,Norte,reparo,True,,0.0,0.79,57,False,ROTEADOR
1197,2026-06-04,tec_02,Sul,auditoria,True,,0.0,0.97,36,False,ONU
1198,2026-06-26,tec_08,Norte,instalacao,True,,0.0,0.73,63,False,ROTEADOR
1199,2025-11-26,tec_03,Sul,instalacao,False,vedacao_cto,0.0,0.62,194,False,ROTEADOR
1200,2025-12-01,tec_09,Leste,auditoria,False,ancoragem_cabo,403.63,0.63,161,True,ONU
1201,2025-12-11,tec_07,Leste,auditoria,True,,0.0,0.8,46,False,ROTEADOR
1202,2025-09-12,tec_05,Oeste,instalacao,False,outros,140.23,0.61,121,True,CABO
1203,2025-10-06,tec_06,Leste,reparo,True,,0.0,0.89,37,False,ONU
1204,2025-10-20,tec_12,Sul,auditoria,False,outros,381.15,0.48,184,True,ROTEADOR
1205,2026-01-20,tec_10,Oeste,auditoria,True,,0.0,0.94,59,False,ROTEADOR
1206,2026-02-24,tec_09,Leste,reparo,False,sobra_fibra,0.0,0.56,137,True,CABO
1207,2025-11-11,tec_12,Norte,instalacao,True,,0.0,0.92,53,False,ONU
1208,2026-06-01,tec_04,Leste,auditoria,True,,0.0,0.93,66,False,ROTEADOR
1210,2025-10-27,tec_03,Norte,reparo,True,,0.0,0.78,64,False,ROTEADOR
1211,2025-07-09,tec_08,Centro,auditoria,True,,0.0,0.72,68,False,ROTEADOR
1212,2026-06-11,tec_09,Centro,instalacao,False,documentacao,120.96,0.4,169,True,ROTEADOR
1213,2026-01-24,tec_02,Leste,reparo,True,,0.0,0.92,54,False,ONU
1214,2026-01-11,tec_01,Norte,auditoria,True,,0.0,0.9,79,False,ONU
1215,2025-08-18,tec_06,Oeste,auditoria,True,,0.0,0.78,90,False,ROTEADOR
1216,2025-11-21,tec_02,Centro,instalacao,True,,0.0,0.73,89,False,ROTEADOR
1217,2025-12-01,tec_07,Sul,auditoria,True,,0.0,0.95,59,False,CABO
1218,2026-06-18,tec_03,Centro,auditoria,True,,0.0,0.99,38,False,ROTEADOR
1220,2026-06-04,tec_03,Centro,reparo,False,identificacao_porta,507.19,0.46,138,False,ROTEADOR
1221,2025-07-03,tec_06,Sul,reparo,True,,0.0,0.93,41,False,ONU
1222,2025-08-22,tec_09,Sul,auditoria,True,,0.0,0.75,73,False,ROTEADOR
1223,2026-04-13,tec_07,Oeste,reparo,False,identificacao_porta,455.54,0.61,128,False,ROTEADOR
1224,2026-03-05,tec_05,Sul,reparo,True,,0.0,0.98,81,False,ONU
1225,2025-07-04,tec_02,Centro,reparo,True,,0.0,0.89,86,False,ONU
1226,2025-12-12,tec_10,Oeste,auditoria,True,,0.0,0.85,46,False,ONU
1227,2026-04-21,tec_11,Leste,auditoria,True,,0.0,0.8,85,False,ROTEADOR
1228,2025-10-01,tec_10,Norte,instalacao,True,,0.0,0.99,64,False,CABO
1229,2026-01-26,tec_12,Sul,reparo,True,,0.0,0.8,51,False,ONU
1230,2026-03-03,tec_08,Oeste,instalacao,True,,0.0,0.98,90,False,CABO
1231,2026-04-01,tec_12,Centro,reparo,False,identificacao_porta,0.0,0.36,111,False,CABO
1232,2025-12-17,tec_11,Norte,auditoria,True,,0.0,0.72,51,False,ROTEADOR
1233,2026-01-08,tec_10,Centro,auditoria,True,,0.0,0.88,67,False,ONU
1234,2025-08-13,tec_07,Norte,reparo,False,identificacao_porta,482.75,0.38,151,False,CABO
1235,2025-12-01,tec_08,Norte,auditoria,False,identificacao_porta,720.02,0.31,184,False,ONU
1236,2026-02-22,tec_09,Sul,reparo,True,,0.0,0.77,75,False,ONU
1237,2026-02-05,tec_04,Oeste,auditoria,True,,0.0,0.78,83,False,ONU
1238,2025-10-09,tec_03,Norte,auditoria,True,,0.0,0.96,68,False,ONU
1239,2025-12-26,tec_07,Leste,auditoria,True,,0.0,0.77,78,False,ROTEADOR
1240,2025-12-08,tec_02,Leste,auditoria,True,,0.0,0.77,79,False,ROTEADOR
1241,2025-10-04,tec_10,Oeste,instalacao,True,,0.0,0.98,46,False,ONU
1242,2026-05-14,tec_06,Oeste,instalacao,True,,0.0,0.72,43,False,ROTEADOR
1243,2026-06-16,tec_11,Oeste,auditoria,True,,0.0,0.84,45,False,ROTEADOR
1244,2025-10-24,tec_05,Norte,instalacao,True,,0.0,0.85,82,False,ONU
1245,2026-04-05,tec_10,Oeste,instalacao,True,,0.0,0.95,37,False,ONU
1246,2026-05-31,tec_02,Oeste,reparo,True,,0.0,1.0,63,False,ROTEADOR
1247,2026-04-28,tec_04,Norte,instalacao,True,,0.0,1.0,62,False,ONU
1248,2026-03-30,tec_01,Sul,instalacao,False,ancoragem_cabo,280.2,0.48,199,False,ROTEADOR
1249,2026-06-01,tec_01,Norte,reparo,False,ancoragem_cabo,0.0,0.44,187,False,CABO
1250,2026-01-29,tec_11,Oeste,auditoria,True,,0.0,0.94,84,False,ONU
1251,2026-03-07,tec_06,Centro,auditoria,True,,0.0,0.94,81,False,ROTEADOR
1253,2025-07-24,tec_11,Centro,reparo,False,identificacao_porta,0.0,0.55,146,False,ROTEADOR
1254,2025-12-02,tec_03,Oeste,auditoria,False,ancoragem_cabo,311.55,0.45,173,True,CABO
1255,2026-02-05,tec_12,Oeste,auditoria,True,,0.0,0.72,65,True,ROTEADOR
1256,2026-06-22,tec_08,Centro,auditoria,True,,0.0,0.96,79,False,ONU
1257,2025-08-22,tec_12,Norte,instalacao,False,ancoragem_cabo,0.0,0.38,107,False,ROTEADOR
1258,2025-09-23,tec_01,Sul,auditoria,True,,0.0,0.9,44,False,ROTEADOR
1259,2025-09-10,tec_02,Centro,instalacao,True,,0.0,0.83,62,False,CABO
1260,2026-05-04,tec_02,Sul,auditoria,True,,0.0,0.94,79,True,ONU
1261,2026-01-17,tec_09,Leste,auditoria,True,,0.0,0.97,50,False,ONU
1262,2025-07-07,tec_10,Norte,auditoria,True,,0.0,0.76,90,False,ONU
1263,2025-08-07,tec_03,Oeste,auditoria,True,,0.0,0.79,37,False,ROTEADOR
1264,2026-01-29,tec_12,Oeste,auditoria,True,,0.0,0.9,69,False,ROTEADOR
1265,2025-09-18,tec_09,Leste,instalacao,True,,0.0,0.9,88,False,CABO
1266,2025-10-31,tec_12,Norte,reparo,True,,0.0,0.84,64,False,CABO
1267,2025-08-31,tec_11,Norte,auditoria,True,,0.0,0.72,66,False,ROTEADOR
1268,2025-09-03,tec_05,Centro,auditoria,True,,0.0,0.93,42,False,ONU
1269,2025-11-12,tec_05,Norte,reparo,True,,0.0,0.74,64,False,ROTEADOR
1270,2025-11-08,tec_03,Norte,auditoria,True,,0.0,0.91,42,False,ONU
1271,2026-01-03,tec_04,Centro,instalacao,True,,0.0,0.98,89,True,ONU
1272,2025-12-11,tec_07,Oeste,instalacao,True,,0.0,0.82,67,False,CABO
1273,2025-08-05,tec_01,Norte,auditoria,True,,0.0,0.94,54,False,CABO
1274,2025-12-03,tec_04,Centro,reparo,True,,0.0,0.82,66,False,ONU
1275,2026-01-26,tec_04,Sul,auditoria,True,,0.0,0.9,79,False,ONU
1276,2025-12-05,tec_07,Leste,auditoria,False,vedacao_cto,698.78,0.43,181,False,ROTEADOR
1277,2026-01-07,tec_07,Norte,auditoria,True,,0.0,0.88,67,False,ROTEADOR
1278,2025-09-05,tec_01,Oeste,auditoria,True,,0.0,0.81,86,False,ONU
1279,2025-10-12,tec_04,Leste,reparo,False,identificacao_porta,525.61,0.36,105,False,ONU
1280,2025-08-16,tec_05,Sul,reparo,True,,0.0,0.95,79,False,CABO
1281,2025-11-05,tec_03,Sul,reparo,True,,0.0,0.73,54,False,ONU
1282,2026-04-08,tec_08,Sul,reparo,True,,0.0,0.95,43,False,ROTEADOR
1283,2026-01-22,tec_03,Norte,instalacao,True,,0.0,0.9,72,False,ONU
1284,2026-02-13,tec_04,Norte,instalacao,True,,0.0,0.96,86,False,CABO
1285,2026-02-07,tec_03,Norte,instalacao,True,,0.0,0.73,78,False,CABO
1286,2025-09-15,tec_05,Leste,instalacao,False,identificacao_porta,620.28,0.44,97,True,ONU
1287,2026-03-27,tec_11,Oeste,instalacao,False,identificacao_porta,685.35,0.6,151,False,CABO
1288,2025-11-16,tec_09,Oeste,auditoria,True,,0.0,0.78,86,False,ONU
1289,2026-04-26,tec_09,Norte,reparo,True,,0.0,0.75,77,False,ONU
1290,2025-10-21,tec_01,Centro,auditoria,False,outros,0.0,0.51,112,True,ROTEADOR
1291,2026-04-29,tec_12,Centro,auditoria,False,vedacao_cto,375.29,0.82,193,False,ONU
1292,2025-07-29,tec_08,Oeste,instalacao,True,,0.0,0.87,35,False,ONU
1293,2025-12-13,tec_06,Centro,instalacao,True,,0.0,0.92,44,False,ROTEADOR
1294,2026-06-05,tec_06,Centro,instalacao,True,,0.0,0.8,43,False,ROTEADOR
1295,2026-06-28,tec_11,Oeste,reparo,True,,0.0,0.98,85,False,ONU
1296,2025-11-28,tec_05,Centro,reparo,False,outros,398.28,0.82,162,True,ROTEADOR
1298,2025-12-19,tec_12,Leste,instalacao,True,,0.0,0.79,39,False,ROTEADOR
1299,2026-01-31,tec_07,Norte,instalacao,True,,0.0,0.86,59,False,ONU
1300,2026-06-17,tec_10,Oeste,reparo,True,,0.0,0.94,37,False,ROTEADOR
1301,2026-01-09,tec_02,Leste,instalacao,True,,0.0,0.98,40,False,ONU
1302,2026-05-31,tec_01,Centro,auditoria,False,identificacao_porta,475.99,0.39,179,False,ONU
1303,2025-07-26,tec_05,Centro,reparo,True,,0.0,0.86,38,False,ONU
1304,2025-10-11,tec_11,Oeste,auditoria,True,,0.0,0.9,40,False,ROTEADOR
1305,2026-06-04,tec_08,Norte,reparo,True,,0.0,0.83,58,False,ROTEADOR
1306,2025-11-12,tec_05,Leste,instalacao,True,,0.0,0.74,83,False,ONU
1307,2026-04-28,tec_09,Norte,reparo,True,,0.0,0.83,68,False,ONU
1308,2026-03-01,tec_10,Centro,reparo,True,,0.0,0.96,37,False,CABO
1309,2026-02-15,tec_10,Centro,auditoria,False,sobra_fibra,205.84,0.83,177,False,ONU
1310,2025-08-04,tec_06,Sul,reparo,True,,0.0,0.87,89,False,CABO
1311,2026-03-25,tec_12,Oeste,instalacao,True,,0.0,0.76,71,False,ROTEADOR
1312,2026-04-01,tec_02,Norte,auditoria,True,,0.0,0.79,76,False,ROTEADOR
1313,2026-05-13,tec_05,Centro,instalacao,True,,0.0,0.73,56,False,ONU
1314,2025-12-03,tec_06,Norte,reparo,False,ancoragem_cabo,0.0,0.77,119,True,ONU
1315,2026-05-06,tec_05,Oeste,reparo,True,,0.0,0.78,87,False,ROTEADOR
1316,2025-09-20,tec_01,Oeste,reparo,False,sobra_fibra,242.17,0.52,112,True,ROTEADOR
1317,2026-01-01,tec_01,Sul,instalacao,True,,0.0,0.95,67,False,ROTEADOR
1318,2026-02-14,tec_06,Norte,instalacao,False,identificacao_porta,757.8,0.62,185,False,ROTEADOR
1319,2026-04-19,tec_01,Norte,reparo,True,,0.0,0.78,49,False,ONU
1320,2026-06-15,tec_01,Leste,auditoria,False,vedacao_cto,400.96,0.66,193,False,CABO
1321,2025-10-20,tec_06,Leste,reparo,False,identificacao_porta,604.61,0.75,174,False,ROTEADOR
1322,2026-06-16,tec_10,Leste,auditoria,True,,0.0,1.0,75,False,ONU
1323,2025-09-15,tec_11,Leste,auditoria,True,,0.0,0.74,89,False,ONU
1324,2025-07-14,tec_11,Centro,reparo,False,identificacao_porta,414.13,0.44,180,False,ONU
1325,2026-05-23,tec_04,Sul,auditoria,False,vedacao_cto,0.0,0.67,197,False,ROTEADOR
1326,2025-11-10,tec_08,Centro,instalacao,True,,0.0,0.98,78,False,ONU
1327,2026-02-01,tec_12,Norte,instalacao,True,,0.0,0.79,53,False,CABO
1328,2026-05-14,tec_10,Norte,auditoria,False,documentacao,130.72,0.58,96,False,ROTEADOR
1329,2026-04-18,tec_06,Sul,instalacao,False,documentacao,93.74,0.38,132,False,ONU
1330,2025-10-16,tec_01,Sul,instalacao,True,,0.0,0.93,66,False,ROTEADOR
1331,2026-02-05,tec_11,Norte,reparo,True,,0.0,0.73,47,False,ONU
1332,2025-07-03,tec_04,Norte,auditoria,True,,0.0,0.91,57,False,ONU
1333,2025-07-24,tec_05,Norte,auditoria,True,,0.0,0.92,73,False,ONU
1334,2026-03-08,tec_06,Oeste,instalacao,True,,0.0,0.99,86,False,CABO
1335,2026-04-28,tec_04,Sul,instalacao,True,,0.0,0.92,85,True,ROTEADOR
1336,2025-07-25,tec_01,Leste,auditoria,False,ancoragem_cabo,314.08,0.31,160,False,ROTEADOR
1337,2026-02-01,tec_11,Sul,auditoria,True,,0.0,0.8,73,False,ONU
1338,2025-08-30,tec_09,Oeste,instalacao,False,vedacao_cto,0.0,0.57,196,True,ROTEADOR
1339,2026-04-07,tec_05,Sul,reparo,True,,0.0,0.98,56,True,ONU
1340,2025-09-15,tec_10,Norte,instalacao,True,,0.0,0.74,81,False,ROTEADOR
1341,2025-07-26,tec_05,Leste,reparo,True,,0.0,0.73,53,False,ONU
1342,2025-07-24,tec_02,Leste,instalacao,True,,0.0,0.9,56,False,CABO
1343,2025-12-23,tec_12,Oeste,reparo,True,,0.0,0.99,52,False,ONU
1344,2026-06-22,tec_03,Oeste,auditoria,False,identificacao_porta,0.0,0.76,151,False,ONU
1345,2026-06-16,tec_06,Oeste,reparo,True,,0.0,0.97,65,False,ROTEADOR
1346,2026-06-01,tec_01,Norte,reparo,True,,0.0,0.91,84,False,ONU
1347,2026-06-18,tec_06,Centro,auditoria,True,,0.0,0.91,50,False,ROTEADOR
1348,2026-05-26,tec_10,Oeste,auditoria,True,,0.0,0.85,66,False,ONU
1349,2025-11-20,tec_04,Norte,reparo,True,,0.0,0.9,60,False,ONU
1350,2026-03-13,tec_08,Norte,auditoria,True,,0.0,0.86,76,True,ONU
1351,2025-08-16,tec_09,Oeste,auditoria,False,documentacao,191.28,0.65,148,False,ONU
1352,2026-05-14,tec_08,Leste,instalacao,False,vedacao_cto,563.56,0.5,90,False,ONU
1353,2025-09-23,tec_12,Leste,reparo,False,identificacao_porta,478.37,0.71,105,False,ONU
1354,2026-01-29,tec_12,Oeste,instalacao,True,,0.0,0.91,42,False,ONU
1355,2026-03-13,tec_09,Oeste,auditoria,False,identificacao_porta,769.75,0.6,189,False,ONU
1356,2025-08-23,tec_12,Sul,instalacao,True,,0.0,0.97,67,False,ROTEADOR
1357,2025-12-23,tec_04,Oeste,auditoria,True,,0.0,0.76,61,False,ONU
1358,2026-06-30,tec_09,Centro,auditoria,True,,0.0,0.78,48,False,CABO
1359,2026-05-29,tec_03,Leste,auditoria,True,,0.0,0.87,75,False,CABO
1360,2026-06-07,tec_08,Norte,auditoria,True,,0.0,0.97,69,False,ROTEADOR
1361,2025-09-13,tec_02,Oeste,auditoria,True,,0.0,0.79,85,False,ONU
1362,2025-11-29,tec_01,Leste,instalacao,False,vedacao_cto,0.0,0.5,176,False,ROTEADOR
1363,2026-06-22,tec_07,Sul,auditoria,True,,0.0,0.98,59,False,ONU
1364,2025-10-12,tec_01,Leste,instalacao,False,sobra_fibra,0.0,0.78,180,False,ROTEADOR
1365,2025-10-08,tec_12,Leste,auditoria,True,,0.0,0.91,46,False,ROTEADOR
1366,2025-11-13,tec_07,Centro,instalacao,True,,0.0,0.79,56,False,ONU
1367,2026-05-17,tec_10,Sul,reparo,True,,0.0,0.86,71,False,ONU
1368,2025-10-03,tec_09,Norte,reparo,True,,0.0,0.76,69,False,ONU
1369,2026-01-01,tec_11,Norte,instalacao,False,vedacao_cto,600.85,0.64,173,True,ONU
1370,2025-11-02,tec_10,Leste,auditoria,False,documentacao,0.0,0.48,139,False,CABO
1371,2026-03-18,tec_06,Leste,auditoria,True,,0.0,0.97,47,False,ROTEADOR
1372,2026-05-17,tec_09,Norte,instalacao,True,,0.0,0.94,90,False,ROTEADOR
1373,2026-05-28,tec_12,Norte,auditoria,True,,0.0,0.91,36,False,ROTEADOR
1374,2025-11-06,tec_01,Leste,instalacao,False,identificacao_porta,652.09,0.43,145,False,ONU
1375,2026-05-13,tec_01,Oeste,auditoria,False,sobra_fibra,225.71,0.33,127,False,ROTEADOR
1376,2026-06-04,tec_08,Leste,reparo,True,,0.0,0.78,82,False,ONU
1378,2025-12-24,tec_04,Centro,reparo,False,identificacao_porta,646.75,0.77,122,True,ROTEADOR
1379,2026-04-08,tec_01,Sul,auditoria,True,,0.0,0.8,39,False,CABO
1380,2026-06-09,tec_06,Sul,reparo,True,,0.0,0.89,47,False,ONU
1381,2025-09-17,tec_05,Oeste,auditoria,True,,0.0,0.81,62,True,ROTEADOR
1382,2026-02-09,tec_12,Leste,instalacao,True,,0.0,0.91,56,False,ROTEADOR
1383,2025-09-28,tec_08,Oeste,reparo,True,,0.0,0.8,87,False,ROTEADOR
1384,2025-08-08,tec_11,Centro,auditoria,True,,0.0,0.9,87,False,ONU
1385,2026-04-05,tec_01,Oeste,instalacao,True,,0.0,0.9,44,False,ROTEADOR
1386,2025-09-07,tec_12,Sul,auditoria,True,,0.0,0.83,67,True,CABO
1387,2026-03-21,tec_11,Sul,auditoria,True,,0.0,0.88,71,False,ONU
1388,2026-03-07,tec_06,Sul,reparo,True,,0.0,0.79,77,False,ONU
1389,2026-05-29,tec_01,Leste,reparo,False,sobra_fibra,0.0,0.59,123,False,ONU
1390,2026-05-31,tec_07,Centro,auditoria,True,,0.0,0.79,49,False,ONU
1391,2026-05-06,tec_08,Leste,reparo,False,identificacao_porta,512.32,0.54,109,True,ROTEADOR
1392,2025-12-17,tec_11,Leste,instalacao,True,,0.0,0.85,48,False,ONU
1393,2025-09-21,tec_03,Oeste,instalacao,True,,0.0,0.97,44,True,ROTEADOR
1394,2026-04-15,tec_07,Leste,auditoria,False,sobra_fibra,0.0,0.7,117,False,ROTEADOR
1395,2026-05-04,tec_04,Oeste,instalacao,True,,0.0,0.93,74,False,ROTEADOR
1396,2026-05-02,tec_06,Leste,auditoria,True,,0.0,0.83,41,True,CABO
1397,2025-09-15,tec_11,Centro,auditoria,True,,0.0,0.97,73,True,ONU
1398,2025-09-05,tec_02,Centro,instalacao,True,,0.0,0.72,84,False,ROTEADOR
1399,2026-02-05,tec_01,Oeste,reparo,False,identificacao_porta,696.56,0.73,187,False,ROTEADOR
1400,2025-10-28,tec_05,Centro,instalacao,True,,0.0,0.89,69,False,ROTEADOR
1401,2025-08-30,tec_01,Sul,auditoria,True,,0.0,0.78,86,False,ROTEADOR
1402,2025-11-11,tec_11,Leste,reparo,True,,0.0,0.82,52,False,ROTEADOR
1403,2026-03-05,tec_09,Oeste,reparo,False,outros,332.26,0.57,140,False,ROTEADOR
1404,2025-08-21,tec_12,Norte,reparo,True,,0.0,0.81,70,False,CABO
1405,2025-09-13,tec_01,Norte,auditoria,True,,0.0,0.74,51,False,ROTEADOR
1406,2026-01-22,tec_07,Norte,auditoria,True,,0.0,0.92,73,True,CABO
1407,2026-06-02,tec_01,Sul,reparo,True,,0.0,0.77,85,False,ONU
1408,2026-01-01,tec_03,Centro,auditoria,True,,0.0,0.76,52,False,ROTEADOR
1409,2025-07-08,tec_10,Leste,reparo,True,,0.0,0.75,53,False,ONU
1410,2025-11-19,tec_06,Centro,reparo,False,identificacao_porta,470.01,0.55,154,True,CABO
1411,2025-11-09,tec_02,Norte,reparo,True,,0.0,0.88,79,False,ROTEADOR
1412,2026-02-20,tec_06,Oeste,instalacao,False,vedacao_cto,453.07,0.77,190,False,CABO
1413,2025-07-05,tec_06,Sul,reparo,True,,0.0,0.8,60,False,ROTEADOR
1414,2025-10-20,tec_08,Leste,instalacao,True,,0.0,0.99,78,False,ONU
1415,2025-11-13,tec_04,Sul,instalacao,True,,0.0,0.79,74,False,ROTEADOR
1416,2026-03-10,tec_11,Norte,instalacao,False,identificacao_porta,648.27,0.6,153,False,CABO
1417,2026-03-19,tec_03,Centro,reparo,True,,0.0,0.88,38,False,CABO
1419,2026-01-11,tec_01,Oeste,instalacao,True,,0.0,0.89,51,False,ROTEADOR
1420,2025-10-03,tec_10,Leste,reparo,True,,0.0,0.92,58,False,ONU
1421,2026-04-21,tec_10,Oeste,instalacao,True,,0.0,0.92,86,False,ONU
1422,2025-09-15,tec_03,Oeste,instalacao,True,,0.0,0.84,43,False,ROTEADOR
1423,2026-04-14,tec_08,Centro,reparo,True,,0.0,0.75,45,True,ONU
1424,2025-12-19,tec_02,Leste,auditoria,True,,0.0,0.88,86,False,ONU
1425,2025-10-10,tec_11,Norte,reparo,True,,0.0,0.87,84,False,CABO
1426,2025-08-10,tec_12,Leste,reparo,True,,0.0,0.9,44,False,ONU
1427,2025-08-06,tec_10,Leste,auditoria,True,,0.0,0.81,76,False,ONU
1428,2026-01-02,tec_05,Leste,reparo,True,,0.0,0.85,45,True,CABO
1429,2026-06-24,tec_11,Norte,instalacao,True,,0.0,0.83,41,True,ONU
1430,2025-08-12,tec_07,Oeste,instalacao,True,,0.0,0.74,59,False,ROTEADOR
1431,2026-03-27,tec_11,Sul,reparo,True,,0.0,0.91,90,False,ONU
1432,2025-09-08,tec_05,Oeste,auditoria,True,,0.0,0.77,73,False,ROTEADOR
1433,2025-12-25,tec_11,Centro,auditoria,True,,0.0,0.75,54,False,ROTEADOR
1434,2025-09-08,tec_01,Leste,instalacao,True,,0.0,0.72,66,False,ROTEADOR
1435,2025-07-04,tec_05,Oeste,reparo,True,,0.0,0.97,62,False,ROTEADOR
1436,2025-10-21,tec_07,Sul,auditoria,True,,0.0,0.79,83,False,ROTEADOR
1437,2026-03-30,tec_05,Centro,auditoria,True,,0.0,0.96,46,True,ONU
1438,2026-05-15,tec_08,Norte,auditoria,True,,0.0,0.76,69,True,ONU
1439,2025-07-05,tec_12,Norte,instalacao,True,,0.0,0.86,56,False,ONU
1440,2025-12-17,tec_12,Oeste,reparo,False,identificacao_porta,617.28,0.38,113,True,ROTEADOR
1441,2025-11-05,tec_02,Leste,instalacao,False,outros,320.6,0.44,102,False,CABO
1442,2025-09-20,tec_05,Sul,auditoria,True,,0.0,0.98,68,True,CABO
1443,2026-06-07,tec_06,Oeste,instalacao,True,,0.0,0.9,55,True,CABO
1444,2025-07-22,tec_04,Leste,reparo,False,identificacao_porta,0.0,0.68,121,True,ONU
1445,2025-12-30,tec_11,Norte,reparo,True,,0.0,0.94,43,False,ONU
1447,2026-06-22,tec_09,Norte,reparo,True,,0.0,0.87,55,False,ONU
1448,2026-03-29,tec_09,Leste,auditoria,True,,0.0,0.79,58,False,ONU
1449,2026-01-03,tec_01,Centro,instalacao,True,,0.0,0.92,77,False,ROTEADOR
1450,2025-09-17,tec_08,Oeste,auditoria,True,,0.0,0.9,42,False,ROTEADOR
1451,2025-10-12,tec_03,Norte,instalacao,True,,0.0,0.73,76,False,CABO
1452,2026-01-04,tec_10,Oeste,auditoria,False,documentacao,0.0,0.31,196,True,ONU
1453,2026-06-28,tec_07,Norte,auditoria,True,,0.0,0.87,81,True,ROTEADOR
1454,2025-10-27,tec_09,Leste,instalacao,True,,0.0,0.87,50,False,ONU
1455,2026-05-23,tec_07,Sul,auditoria,True,,0.0,0.92,62,False,ROTEADOR
1456,2026-06-02,tec_07,Sul,auditoria,False,identificacao_porta,796.59,0.54,131,False,ROTEADOR
1457,2025-11-01,tec_12,Oeste,reparo,True,,0.0,0.93,82,False,ONU
1458,2025-11-23,tec_01,Oeste,reparo,True,,0.0,1.0,54,True,ROTEADOR
1459,2026-06-19,tec_01,Sul,reparo,False,vedacao_cto,337.71,0.58,148,False,ROTEADOR
1460,2025-12-01,tec_04,Sul,auditoria,True,,0.0,0.98,81,True,ONU
1461,2026-06-19,tec_08,Leste,instalacao,False,vedacao_cto,623.34,0.35,138,True,ROTEADOR
1462,2026-02-08,tec_06,Norte,reparo,False,identificacao_porta,0.0,0.78,167,False,CABO
1463,2026-04-16,tec_01,Oeste,auditoria,True,,0.0,0.78,38,False,ONU
1464,2025-10-22,tec_10,Oeste,auditoria,False,identificacao_porta,698.13,0.38,160,False,ROTEADOR
1465,2025-09-08,tec_12,Norte,reparo,True,,0.0,0.83,71,False,ONU
1466,2025-11-14,tec_04,Centro,auditoria,True,,0.0,0.98,40,False,ONU
1467,2026-05-01,tec_04,Oeste,reparo,True,,0.0,0.77,57,False,ONU
1468,2025-10-28,tec_01,Oeste,reparo,True,,0.0,0.93,89,False,CABO
1469,2025-11-25,tec_03,Norte,auditoria,False,vedacao_cto,383.6,0.36,158,False,CABO
1470,2025-09-11,tec_09,Centro,reparo,True,,0.0,0.83,77,False,ROTEADOR
1471,2026-05-13,tec_04,Leste,reparo,True,,0.0,0.98,39,False,ROTEADOR
1473,2026-02-20,tec_04,Centro,instalacao,True,,0.0,0.73,68,False,ROTEADOR
1474,2025-12-28,tec_01,Oeste,instalacao,True,,0.0,1.0,67,False,ONU
1475,2025-11-21,tec_01,Norte,reparo,True,,0.0,0.83,43,False,CABO
1476,2026-06-17,tec_10,Oeste,auditoria,True,,0.0,0.76,54,False,CABO
1477,2026-04-24,tec_04,Leste,instalacao,False,identificacao_porta,0.0,0.77,157,False,ROTEADOR
1478,2025-09-19,tec_11,Oeste,instalacao,True,,0.0,0.99,42,False,CABO
1479,2025-12-03,tec_07,Sul,reparo,False,outros,333.73,0.79,103,True,CABO
1480,2026-04-17,tec_10,Norte,auditoria,True,,0.0,0.78,36,False,ONU
1481,2026-01-08,tec_08,Oeste,auditoria,True,,0.0,0.85,45,False,ROTEADOR
1482,2025-10-22,tec_05,Norte,instalacao,False,identificacao_porta,0.0,0.72,146,False,CABO
1483,2025-07-22,tec_04,Oeste,reparo,True,,0.0,0.92,60,False,ONU
1484,2025-07-20,tec_11,Centro,auditoria,True,,0.0,0.95,37,False,CABO
1485,2026-01-15,tec_12,Sul,reparo,True,,0.0,0.73,53,False,ONU
1486,2025-11-28,tec_08,Leste,reparo,True,,0.0,0.86,44,False,ONU
1487,2026-04-26,tec_02,Oeste,auditoria,True,,0.0,0.76,61,False,ONU
1488,2026-02-18,tec_12,Norte,auditoria,True,,0.0,0.9,80,False,CABO
1489,2025-08-13,tec_08,Norte,auditoria,True,,0.0,0.94,67,False,ROTEADOR
1490,2025-12-19,tec_01,Sul,reparo,True,,0.0,0.76,90,False,ROTEADOR
1491,2026-02-14,tec_12,Norte,reparo,True,,0.0,0.97,47,True,ROTEADOR
1492,2025-07-03,tec_08,Leste,reparo,True,,0.0,0.78,77,False,ROTEADOR
1493,2026-04-07,tec_10,Oeste,auditoria,True,,0.0,0.95,48,True,ONU
1494,2025-07-17,tec_01,Sul,reparo,True,,0.0,0.8,40,True,ONU
1495,2026-06-04,tec_11,Oeste,instalacao,True,,0.0,0.94,46,False,ONU
1496,2025-12-13,tec_02,Centro,instalacao,True,,0.0,0.74,62,False,ROTEADOR
1497,2025-11-18,tec_02,Norte,instalacao,True,,0.0,0.78,48,False,ROTEADOR
1498,2026-03-05,tec_09,Norte,auditoria,True,,0.0,0.94,80,False,CABO
1499,2026-05-16,tec_09,Centro,reparo,True,,0.0,0.88,68,False,ROTEADOR
1500,2025-11-26,tec_10,Oeste,instalacao,True,,0.0,0.73,75,False,ONU
1501,2025-12-27,tec_07,Sul,reparo,True,,0.0,0.72,47,False,ONU
1502,2025-12-13,tec_05,Leste,reparo,True,,0.0,0.81,60,False,ROTEADOR
1503,2025-12-21,tec_04,Centro,instalacao,True,,0.0,0.85,37,False,ONU
1504,2026-02-22,tec_09,Oeste,reparo,True,,0.0,0.93,88,False,CABO
1505,2025-10-15,tec_09,Centro,reparo,True,,0.0,0.98,85,False,ROTEADOR
1506,2026-05-17,tec_06,Sul,instalacao,True,,0.0,0.89,46,False,CABO
1507,2026-01-28,tec_12,Leste,reparo,False,sobra_fibra,231.28,0.5,112,True,ONU
1508,2026-03-05,tec_08,Norte,instalacao,True,,0.0,0.82,65,False,ROTEADOR
1509,2025-08-20,tec_03,Centro,reparo,False,identificacao_porta,0.0,0.67,148,False,ROTEADOR
1510,2026-05-01,tec_01,Centro,reparo,True,,0.0,0.97,41,False,ROTEADOR
1511,2025-12-12,tec_11,Leste,reparo,True,,0.0,0.87,84,False,CABO
1512,2026-05-15,tec_05,Norte,instalacao,True,,0.0,0.87,70,False,ONU
1513,2025-08-06,tec_10,Sul,reparo,False,identificacao_porta,761.32,0.6,96,True,ONU
1514,2026-04-30,tec_03,Norte,reparo,True,,0.0,0.84,57,False,ROTEADOR
1515,2026-02-24,tec_09,Sul,auditoria,True,,0.0,0.94,79,False,ONU
1516,2026-02-26,tec_12,Oeste,auditoria,True,,0.0,0.96,74,False,ROTEADOR
1517,2025-12-14,tec_11,Leste,auditoria,True,,0.0,0.85,57,False,ONU
1519,2026-04-07,tec_04,Oeste,reparo,True,,0.0,0.74,48,False,ROTEADOR
1520,2026-04-05,tec_10,Centro,reparo,True,,0.0,0.91,82,False,ROTEADOR
1521,2025-12-14,tec_10,Centro,instalacao,True,,0.0,0.77,60,True,ROTEADOR
1522,2026-05-27,tec_07,Norte,auditoria,True,,0.0,0.95,72,False,ONU
1523,2025-11-27,tec_03,Norte,auditoria,True,,0.0,0.77,78,False,ROTEADOR
1524,2026-02-08,tec_05,Leste,auditoria,False,vedacao_cto,0.0,0.84,155,True,CABO
1525,2025-07-28,tec_06,Sul,instalacao,True,,0.0,0.99,42,False,CABO
1526,2025-12-10,tec_10,Norte,auditoria,True,,0.0,0.84,48,False,ONU
1527,2026-01-01,tec_07,Oeste,auditoria,True,,0.0,1.0,77,False,ROTEADOR
1528,2026-03-07,tec_03,Norte,instalacao,False,identificacao_porta,0.0,0.37,200,False,ROTEADOR
1529,2026-02-03,tec_03,Centro,auditoria,True,,0.0,0.82,46,False,ROTEADOR
1530,2025-11-15,tec_04,Norte,auditoria,True,,0.0,0.82,37,False,ROTEADOR
1531,2026-03-27,tec_12,Leste,reparo,False,vedacao_cto,655.97,0.73,101,False,ONU
1532,2025-07-28,tec_10,Norte,auditoria,True,,0.0,0.72,64,False,ONU
1533,2025-11-28,tec_07,Oeste,reparo,True,,0.0,0.98,82,False,ONU
1534,2026-04-20,tec_08,Centro,auditoria,False,vedacao_cto,333.0,0.74,154,True,ROTEADOR
1535,2025-11-09,tec_05,Leste,auditoria,True,,0.0,0.77,72,False,ONU
1536,2025-10-29,tec_05,Oeste,instalacao,False,identificacao_porta,458.03,0.77,195,True,ROTEADOR
1537,2026-02-11,tec_07,Oeste,reparo,True,,0.0,0.88,88,False,ONU
1538,2026-01-21,tec_01,Leste,instalacao,True,,0.0,0.99,69,False,ONU
1539,2025-07-07,tec_09,Oeste,instalacao,False,identificacao_porta,782.35,0.51,102,False,CABO
1540,2025-11-17,tec_10,Leste,reparo,True,,0.0,0.75,76,False,CABO
1541,2026-04-28,tec_04,Oeste,auditoria,True,,0.0,0.91,46,False,ROTEADOR
1542,2026-03-26,tec_01,Norte,instalacao,True,,0.0,0.78,53,False,ONU
1543,2026-06-02,tec_01,Norte,instalacao,True,,0.0,0.89,42,False,CABO
1544,2026-05-28,tec_03,Norte,auditoria,False,ancoragem_cabo,340.09,0.79,99,False,ONU
1545,2025-12-13,tec_11,Leste,auditoria,False,identificacao_porta,798.38,0.45,123,False,ROTEADOR
1546,2025-10-11,tec_08,Leste,instalacao,True,,0.0,0.86,44,False,CABO
1547,2025-11-10,tec_02,Oeste,auditoria,True,,0.0,0.88,51,False,CABO
1548,2025-07-20,tec_11,Norte,instalacao,True,,0.0,0.92,60,False,ROTEADOR
1549,2025-08-05,tec_08,Centro,reparo,True,,0.0,0.99,87,False,ONU
1550,2026-01-22,tec_06,Norte,reparo,False,identificacao_porta,0.0,0.66,133,True,ROTEADOR
1551,2026-04-10,tec_11,Oeste,reparo,True,,0.0,0.77,79,False,ONU
1552,2026-05-20,tec_08,Norte,reparo,True,,0.0,0.73,36,False,ONU
1553,2026-05-26,tec_02,Centro,reparo,True,,0.0,0.95,63,False,ROTEADOR
1554,2025-07-22,tec_06,Norte,instalacao,True,,0.0,0.9,68,False,ROTEADOR
1555,2025-07-19,tec_04,Centro,auditoria,True,,0.0,0.73,74,True,CABO
1556,2025-08-19,tec_01,Sul,auditoria,True,,0.0,0.89,87,False,CABO
1557,2025-10-12,tec_04,Norte,auditoria,False,ancoragem_cabo,492.76,0.84,163,False,ONU
1558,2025-12-19,tec_01,Leste,instalacao,True,,0.0,0.93,45,False,ROTEADOR
1559,2025-08-21,tec_10,Centro,instalacao,True,,0.0,0.83,45,True,ONU
1560,2026-06-27,tec_03,Oeste,instalacao,False,sobra_fibra,0.0,0.53,178,True,CABO
1561,2025-09-28,tec_08,Sul,auditoria,True,,0.0,0.77,66,False,ONU
1562,2026-04-12,tec_06,Norte,reparo,True,,0.0,0.87,41,False,ONU
1563,2025-11-19,tec_11,Centro,reparo,True,,0.0,0.76,89,False,ROTEADOR
1564,2025-07-28,tec_11,Oeste,instalacao,True,,0.0,0.84,56,False,CABO
1565,2025-09-29,tec_01,Oeste,auditoria,True,,0.0,0.86,39,False,CABO
1566,2026-06-12,tec_07,Oeste,reparo,True,,0.0,0.75,49,False,ONU
1568,2025-07-17,tec_04,Sul,reparo,True,,0.0,0.76,89,False,ONU
1569,2026-05-06,tec_04,Oeste,reparo,False,documentacao,173.97,0.82,119,True,CABO
1570,2026-02-22,tec_10,Centro,instalacao,True,,0.0,0.93,50,False,ROTEADOR
1571,2025-07-03,tec_03,Oeste,auditoria,True,,0.0,1.0,81,False,CABO
1572,2026-06-22,tec_08,Norte,reparo,True,,0.0,0.79,70,False,ROTEADOR
1573,2026-05-28,tec_06,Oeste,instalacao,True,,0.0,0.91,45,False,ONU
1574,2025-09-09,tec_08,Centro,instalacao,True,,0.0,0.94,58,False,ROTEADOR
1575,2025-12-18,tec_07,Norte,instalacao,True,,0.0,0.93,79,False,CABO
1576,2025-12-19,tec_11,Centro,instalacao,True,,0.0,0.98,78,False,ONU
1577,2026-01-04,tec_08,Norte,reparo,True,,0.0,0.92,70,False,ROTEADOR
1578,2026-05-29,tec_04,Sul,reparo,False,outros,323.51,0.62,118,False,ROTEADOR
1579,2026-01-07,tec_05,Leste,reparo,False,identificacao_porta,0.0,0.59,176,False,ONU
1580,2025-08-03,tec_11,Leste,reparo,False,identificacao_porta,783.3,0.35,99,True,CABO
1581,2025-10-13,tec_08,Leste,instalacao,False,outros,139.61,0.46,134,False,ONU
1582,2025-10-27,tec_01,Norte,instalacao,True,,0.0,0.81,72,False,CABO
1583,2026-04-07,tec_12,Leste,auditoria,True,,0.0,0.76,85,False,ROTEADOR
1584,2025-07-25,tec_05,Leste,reparo,True,,0.0,0.99,74,False,ROTEADOR
1585,2026-06-07,tec_12,Centro,instalacao,True,,0.0,0.75,55,False,ROTEADOR
1586,2025-07-18,tec_04,Oeste,instalacao,False,identificacao_porta,0.0,0.38,158,False,ROTEADOR
1587,2025-12-11,tec_03,Norte,reparo,False,vedacao_cto,0.0,0.6,127,False,CABO
1588,2026-04-16,tec_11,Leste,auditoria,False,identificacao_porta,0.0,0.49,176,False,ONU
1589,2025-08-17,tec_04,Leste,auditoria,False,vedacao_cto,0.0,0.41,188,False,ONU
1590,2025-08-14,tec_11,Norte,reparo,True,,0.0,0.86,73,False,ROTEADOR
1591,2026-02-04,tec_07,Norte,reparo,True,,0.0,0.8,57,False,ONU
1592,2026-02-13,tec_04,Oeste,instalacao,True,,0.0,0.84,45,False,ROTEADOR
1593,2026-05-03,tec_03,Oeste,reparo,True,,0.0,0.85,90,False,ROTEADOR
1595,2025-07-22,tec_05,Sul,reparo,True,,0.0,0.88,66,False,ROTEADOR
1596,2026-05-24,tec_03,Oeste,instalacao,True,,0.0,0.9,53,False,ONU
1597,2025-11-19,tec_04,Oeste,auditoria,False,identificacao_porta,574.43,0.63,123,False,ONU
1598,2026-04-21,tec_06,Oeste,instalacao,True,,0.0,0.88,44,False,ROTEADOR
1599,2026-05-22,tec_05,Sul,instalacao,True,,0.0,0.8,68,False,ONU
1600,2026-05-03,tec_03,Norte,auditoria,True,,0.0,0.96,87,False,ROTEADOR
1601,2026-03-31,tec_12,Leste,auditoria,False,vedacao_cto,493.96,0.31,133,False,ONU
1602,2025-10-05,tec_09,Sul,instalacao,True,,0.0,0.91,68,False,ONU
1603,2025-08-09,tec_07,Centro,instalacao,True,,0.0,0.72,57,False,ROTEADOR
1604,2025-12-23,tec_10,Leste,reparo,True,,0.0,0.93,42,False,ROTEADOR
1605,2025-08-10,tec_03,Sul,reparo,True,,0.0,0.75,36,False,ONU
1606,2026-03-20,tec_01,Oeste,instalacao,True,,0.0,0.97,37,True,ROTEADOR
1607,2025-10-11,tec_10,Norte,instalacao,True,,0.0,0.75,89,False,ONU
1608,2026-03-14,tec_06,Leste,reparo,False,identificacao_porta,0.0,0.58,187,True,ONU
1609,2026-04-02,tec_03,Sul,reparo,False,documentacao,0.0,0.81,150,False,CABO
1610,2025-12-29,tec_02,Centro,auditoria,True,,0.0,0.86,61,False,ONU
1611,2026-01-01,tec_09,Leste,instalacao,True,,0.0,0.73,55,False,ONU
1612,2026-02-13,tec_12,Oeste,auditoria,True,,0.0,1.0,62,False,ONU
1613,2025-07-07,tec_11,Norte,reparo,True,,0.0,0.75,63,False,ONU
1614,2025-08-22,tec_07,Norte,reparo,True,,0.0,0.77,58,False,ROTEADOR
1615,2026-02-03,tec_02,Leste,reparo,True,,0.0,0.92,72,False,ONU
1616,2026-03-06,tec_10,Oeste,auditoria,True,,0.0,0.85,42,False,CABO
1617,2025-07-28,tec_01,Oeste,instalacao,True,,0.0,0.73,46,False,ONU
1618,2025-08-09,tec_10,Leste,auditoria,True,,0.0,0.86,64,False,ONU
1620,2026-06-03,tec_01,Oeste,instalacao,True,,0.0,0.92,66,False,ONU
1621,2026-03-09,tec_02,Leste,reparo,False,vedacao_cto,0.0,0.61,154,True,ROTEADOR
1622,2025-11-23,tec_10,Leste,reparo,True,,0.0,0.73,88,False,ROTEADOR
1623,2026-02-05,tec_06,Centro,auditoria,True,,0.0,0.82,77,False,ONU
1624,2025-08-03,tec_02,Sul,auditoria,True,,0.0,0.77,69,False,CABO
1625,2026-02-01,tec_10,Oeste,reparo,True,,0.0,0.88,55,False,ROTEADOR
1626,2026-06-11,tec_08,Oeste,instalacao,True,,0.0,0.95,77,False,ONU
1627,2025-08-08,tec_04,Centro,reparo,True,,0.0,0.8,38,False,ROTEADOR
1628,2025-08-17,tec_10,Centro,instalacao,True,,0.0,0.89,52,True,ROTEADOR
1629,2026-05-30,tec_06,Centro,instalacao,True,,0.0,0.8,77,False,ROTEADOR
1630,2026-06-09,tec_10,Sul,reparo,True,,0.0,0.73,80,False,ROTEADOR
1631,2026-02-25,tec_11,Sul,instalacao,True,,0.0,0.95,89,False,CABO
1632,2025-10-11,tec_11,Oeste,auditoria,True,,0.0,0.76,78,False,ONU
1633,2026-01-28,tec_11,Oeste,instalacao,True,,0.0,0.76,78,False,ONU
1634,2025-12-06,tec_04,Oeste,instalacao,True,,0.0,0.84,76,False,ONU
1635,2025-11-20,tec_01,Sul,instalacao,True,,0.0,0.96,81,False,ONU
1636,2025-08-02,tec_06,Norte,instalacao,True,,0.0,0.82,77,False,ROTEADOR
1637,2026-04-19,tec_03,Oeste,auditoria,False,sobra_fibra,0.0,0.59,157,False,ONU
1638,2026-04-26,tec_06,Norte,instalacao,True,,0.0,0.93,62,False,ONU
1639,2026-04-28,tec_08,Norte,reparo,True,,0.0,0.92,42,False,ONU
1640,2025-09-13,tec_05,Oeste,instalacao,True,,0.0,0.95,36,False,CABO
1641,2025-07-28,tec_11,Centro,auditoria,True,,0.0,0.79,70,False,ROTEADOR
1642,2025-10-30,tec_02,Leste,auditoria,True,,0.0,0.97,60,False,ROTEADOR
1643,2025-09-21,tec_05,Leste,instalacao,False,ancoragem_cabo,210.16,0.78,200,True,ONU
1644,2025-08-21,tec_06,Oeste,reparo,True,,0.0,0.86,57,False,ROTEADOR
1645,2025-07-27,tec_12,Centro,reparo,True,,0.0,0.84,76,False,ONU
1646,2025-08-26,tec_06,Oeste,reparo,True,,0.0,0.99,88,False,ROTEADOR
1647,2025-12-11,tec_07,Sul,auditoria,False,identificacao_porta,531.03,0.37,126,True,ROTEADOR
1648,2026-04-19,tec_07,Oeste,reparo,False,vedacao_cto,0.0,0.81,101,False,CABO
1649,2026-02-05,tec_01,Sul,instalacao,True,,0.0,0.99,45,False,ONU
1650,2026-02-18,tec_07,Norte,auditoria,True,,0.0,0.78,48,False,ROTEADOR
1651,2025-10-14,tec_07,Leste,reparo,False,ancoragem_cabo,322.56,0.46,108,True,ONU
1652,2026-06-16,tec_04,Leste,reparo,True,,0.0,0.85,90,False,ONU
1653,2026-05-02,tec_07,Oeste,auditoria,True,,0.0,0.74,56,False,ROTEADOR
1654,2026-05-03,tec_11,Oeste,auditoria,True,,0.0,0.72,67,False,CABO
1655,2026-04-13,tec_06,Leste,auditoria,True,,0.0,0.77,66,False,ONU
1656,2025-09-11,tec_12,Oeste,reparo,True,,0.0,0.99,66,False,ROTEADOR
1657,2025-11-12,tec_05,Leste,reparo,False,identificacao_porta,0.0,0.45,130,False,CABO
1658,2026-06-02,tec_09,Oeste,instalacao,True,,0.0,0.77,38,True,CABO
1659,2025-08-29,tec_12,Norte,instalacao,True,,0.0,0.73,57,False,ROTEADOR
1660,2025-09-14,tec_02,Centro,reparo,True,,0.0,0.96,46,False,ROTEADOR
1661,2026-04-25,tec_11,Centro,auditoria,True,,0.0,0.93,46,False,ROTEADOR
1662,2025-12-16,tec_11,Norte,reparo,False,identificacao_porta,780.49,0.67,197,False,ONU
1663,2026-05-18,tec_11,Norte,auditoria,True,,0.0,0.72,37,False,ROTEADOR
1664,2026-04-18,tec_12,Oeste,auditoria,False,identificacao_porta,0.0,0.74,185,True,CABO
1665,2026-01-21,tec_05,Centro,reparo,False,ancoragem_cabo,425.77,0.39,173,True,ONU
1666,2025-12-06,tec_12,Leste,reparo,False,identificacao_porta,479.95,0.5,147,False,ROTEADOR
1667,2026-02-02,tec_07,Oeste,auditoria,True,,0.0,0.84,62,False,ONU
1668,2026-06-17,tec_11,Centro,reparo,False,vedacao_cto,487.29,0.59,100,False,ONU
1669,2025-11-05,tec_11,Oeste,instalacao,True,,0.0,0.73,39,False,CABO
1671,2025-10-02,tec_11,Centro,auditoria,True,,0.0,0.84,80,False,ROTEADOR
1672,2025-11-13,tec_08,Centro,auditoria,False,identificacao_porta,792.87,0.75,123,False,ROTEADOR
1673,2025-07-07,tec_01,Norte,instalacao,True,,0.0,0.91,90,False,ONU
1675,2025-07-09,tec_04,Norte,instalacao,True,,0.0,0.73,65,False,ONU
1676,2025-12-02,tec_09,Sul,auditoria,True,,0.0,0.84,42,True,ONU
1677,2026-02-16,tec_08,Sul,reparo,True,,0.0,0.88,88,False,ROTEADOR
1678,2026-01-29,tec_12,Leste,auditoria,False,vedacao_cto,495.0,0.63,152,False,ONU
1679,2026-03-28,tec_04,Centro,reparo,False,identificacao_porta,0.0,0.6,150,True,ROTEADOR
1680,2025-07-11,tec_08,Centro,reparo,False,identificacao_porta,635.06,0.56,177,False,ROTEADOR
1681,2025-11-28,tec_11,Centro,auditoria,True,,0.0,0.84,78,False,ROTEADOR
1682,2026-06-19,tec_10,Leste,instalacao,False,identificacao_porta,0.0,0.37,102,False,ONU
1683,2025-07-10,tec_09,Oeste,instalacao,True,,0.0,0.91,46,False,ONU
1684,2026-05-13,tec_06,Centro,instalacao,True,,0.0,0.86,56,False,ONU
1685,2026-06-19,tec_05,Norte,auditoria,True,,0.0,0.75,38,False,CABO
1686,2026-05-09,tec_02,Oeste,instalacao,False,identificacao_porta,651.97,0.75,116,False,ROTEADOR
1687,2026-03-13,tec_08,Sul,auditoria,True,,0.0,0.9,56,False,ROTEADOR
1688,2025-07-04,tec_07,Norte,reparo,False,vedacao_cto,448.97,0.49,186,False,ROTEADOR
1689,2025-09-09,tec_07,Sul,auditoria,True,,0.0,0.83,64,False,ROTEADOR
1690,2025-07-06,tec_01,Centro,reparo,True,,0.0,0.74,56,False,ONU
1691,2026-05-25,tec_01,Sul,reparo,True,,0.0,0.99,80,False,ROTEADOR
1692,2026-06-24,tec_07,Centro,reparo,True,,0.0,0.93,57,True,CABO
1693,2026-02-14,tec_03,Leste,auditoria,False,vedacao_cto,438.1,0.64,193,False,ROTEADOR
1694,2025-12-19,tec_02,Oeste,reparo,True,,0.0,0.97,68,False,ONU
1695,2025-12-22,tec_09,Leste,auditoria,True,,0.0,0.73,85,False,ONU
1696,2026-03-16,tec_12,Leste,reparo,True,,0.0,0.82,75,False,ONU
1697,2026-04-20,tec_02,Norte,auditoria,True,,0.0,1.0,86,False,ONU
1698,2026-05-01,tec_11,Centro,auditoria,True,,0.0,0.91,87,False,ROTEADOR
1699,2025-12-15,tec_12,Sul,auditoria,True,,0.0,0.94,64,False,ONU
1700,2025-09-05,tec_02,Oeste,instalacao,True,,0.0,0.82,68,False,ONU
1701,2026-05-22,tec_05,Centro,reparo,True,,0.0,0.98,66,False,ROTEADOR
1703,2026-01-26,tec_02,Sul,reparo,True,,0.0,0.8,68,False,ROTEADOR
1704,2025-07-15,tec_05,Leste,reparo,True,,0.0,0.89,38,False,ONU
1705,2026-03-08,tec_03,Leste,instalacao,False,identificacao_porta,523.88,0.34,147,False,ROTEADOR
1706,2025-09-09,tec_10,Oeste,auditoria,True,,0.0,0.85,63,False,ONU
1707,2026-01-15,tec_11,Leste,auditoria,True,,0.0,0.87,77,False,ROTEADOR
1708,2026-05-19,tec_12,Leste,instalacao,False,identificacao_porta,476.97,0.61,169,False,ONU
1709,2026-03-15,tec_04,Norte,auditoria,True,,0.0,0.98,46,False,ROTEADOR
1710,2026-04-23,tec_12,Leste,instalacao,False,identificacao_porta,744.79,0.63,92,False,ROTEADOR
1711,2025-08-16,tec_06,Sul,auditoria,True,,0.0,0.77,44,False,ONU
1712,2026-05-11,tec_11,Norte,reparo,True,,0.0,0.92,54,False,ONU
1713,2025-08-31,tec_05,Leste,reparo,True,,0.0,0.89,50,False,ONU
1714,2026-02-23,tec_05,Centro,instalacao,True,,0.0,0.73,75,True,ONU
1715,2026-04-11,tec_11,Norte,auditoria,True,,0.0,0.88,63,False,ONU
1717,2025-09-24,tec_05,Norte,auditoria,False,vedacao_cto,0.0,0.57,138,False,ROTEADOR
1719,2025-12-10,tec_04,Centro,reparo,False,outros,0.0,0.65,124,False,ROTEADOR
1720,2026-06-20,tec_10,Leste,reparo,False,identificacao_porta,0.0,0.63,161,False,ONU
1721,2026-05-29,tec_02,Oeste,auditoria,True,,0.0,0.97,87,False,ROTEADOR
1722,2025-09-29,tec_10,Norte,reparo,True,,0.0,1.0,42,False,ONU
1723,2025-11-21,tec_12,Sul,instalacao,True,,0.0,0.77,87,False,ONU
1724,2026-01-02,tec_04,Leste,instalacao,False,vedacao_cto,693.71,0.69,171,False,CABO
1725,2026-06-03,tec_03,Leste,reparo,False,identificacao_porta,698.39,0.63,106,False,ROTEADOR
1726,2025-10-07,tec_12,Centro,auditoria,True,,0.0,0.99,78,False,ROTEADOR
1727,2026-05-25,tec_01,Leste,reparo,False,identificacao_porta,0.0,0.77,142,False,CABO
1728,2025-10-23,tec_09,Centro,reparo,False,identificacao_porta,533.88,0.59,163,False,ROTEADOR
1729,2025-10-09,tec_02,Sul,reparo,True,,0.0,0.9,41,True,CABO
1730,2025-11-06,tec_11,Oeste,auditoria,True,,0.0,0.99,88,True,CABO
1731,2026-05-14,tec_02,Leste,instalacao,True,,0.0,0.85,42,False,ROTEADOR
1732,2026-06-21,tec_06,Norte,reparo,True,,0.0,0.98,63,True,CABO
1733,2026-04-13,tec_02,Centro,instalacao,False,vedacao_cto,645.83,0.52,190,False,ROTEADOR
1734,2026-05-14,tec_07,Norte,reparo,True,,0.0,0.91,36,False,CABO
1735,2025-08-04,tec_02,Leste,instalacao,False,identificacao_porta,542.16,0.8,151,False,ONU
1736,2025-12-07,tec_01,Oeste,instalacao,True,,0.0,0.9,57,False,ONU
1737,2025-12-23,tec_08,Centro,instalacao,False,ancoragem_cabo,271.22,0.58,194,False,ONU
1738,2025-10-12,tec_04,Norte,instalacao,True,,0.0,0.91,79,False,ROTEADOR
1739,2025-12-19,tec_10,Oeste,reparo,True,,0.0,0.77,64,False,ROTEADOR
1740,2025-10-26,tec_11,Norte,instalacao,True,,0.0,0.85,84,False,ONU
1741,2025-07-04,tec_04,Leste,reparo,True,,0.0,0.73,42,False,ONU
1742,2025-07-16,tec_06,Oeste,auditoria,True,,0.0,0.78,51,False,ONU
1743,2025-09-29,tec_03,Leste,instalacao,False,ancoragem_cabo,436.22,0.31,104,False,ONU
1744,2026-06-04,tec_06,Sul,instalacao,True,,0.0,0.94,74,False,ROTEADOR
1745,2026-01-10,tec_04,Norte,instalacao,True,,0.0,0.84,75,False,ONU
1746,2025-11-28,tec_04,Norte,auditoria,True,,0.0,0.73,85,False,CABO
1747,2025-08-11,tec_08,Sul,auditoria,True,,0.0,0.89,45,False,ONU
1748,2026-06-30,tec_08,Centro,auditoria,True,,0.0,0.92,66,False,ONU
1749,2025-10-21,tec_11,Centro,auditoria,True,,0.0,0.79,48,False,ONU
1750,2025-09-07,tec_05,Oeste,reparo,True,,0.0,0.87,49,False,ROTEADOR
1751,2026-02-07,tec_07,Oeste,reparo,False,identificacao_porta,493.52,0.47,172,True,ROTEADOR
1752,2025-08-10,tec_09,Norte,auditoria,False,identificacao_porta,480.12,0.35,115,False,ROTEADOR
1753,2026-05-06,tec_05,Leste,auditoria,False,ancoragem_cabo,0.0,0.71,91,False,ONU
1754,2026-06-01,tec_07,Leste,reparo,False,outros,0.0,0.84,119,False,ROTEADOR
1755,2026-02-25,tec_10,Sul,auditoria,True,,0.0,0.94,55,False,ROTEADOR
1756,2026-02-16,tec_07,Oeste,auditoria,True,,0.0,0.76,90,False,ONU
1757,2026-01-31,tec_06,Norte,auditoria,True,,0.0,0.93,79,False,ONU
1758,2025-09-17,tec_01,Leste,auditoria,False,sobra_fibra,0.0,0.61,163,False,CABO
1759,2025-10-05,tec_02,Oeste,reparo,True,,0.0,0.99,75,False,ROTEADOR
1760,2026-06-18,tec_09,Norte,auditoria,True,,0.0,0.78,59,False,ONU
1762,2026-01-16,tec_08,Norte,reparo,True,,0.0,0.76,48,False,ROTEADOR
1764,2026-04-18,tec_09,Oeste,instalacao,True,,0.0,0.88,82,True,ONU
1765,2025-09-28,tec_05,Oeste,auditoria,True,,0.0,0.89,62,False,ONU
1766,2025-07-23,tec_07,Sul,instalacao,False,vedacao_cto,666.52,0.45,179,False,ROTEADOR
1767,2026-01-05,tec_09,Sul,reparo,True,,0.0,0.93,55,False,ONU
1768,2025-08-07,tec_01,Sul,auditoria,True,,0.0,0.85,56,False,ROTEADOR
1769,2025-09-08,tec_05,Sul,instalacao,False,identificacao_porta,496.92,0.57,146,True,ONU
1770,2025-09-29,tec_01,Leste,instalacao,False,identificacao_porta,0.0,0.51,176,False,ROTEADOR
1771,2026-06-11,tec_12,Oeste,instalacao,True,,0.0,0.73,75,False,ONU
1773,2025-07-08,tec_07,Sul,instalacao,True,,0.0,0.91,49,False,ONU
1774,2025-07-23,tec_03,Norte,auditoria,True,,0.0,0.81,70,False,ROTEADOR
1775,2025-08-31,tec_07,Centro,auditoria,True,,0.0,0.81,35,False,CABO
1776,2026-06-02,tec_08,Leste,instalacao,False,identificacao_porta,520.61,0.5,166,False,ONU
1777,2025-08-18,tec_03,Norte,auditoria,False,ancoragem_cabo,0.0,0.68,178,True,ONU
1778,2026-06-07,tec_06,Sul,auditoria,True,,0.0,0.89,72,False,CABO
1779,2025-07-07,tec_09,Centro,instalacao,True,,0.0,0.97,54,True,ROTEADOR
1780,2026-01-08,tec_02,Oeste,auditoria,True,,0.0,0.83,76,True,ONU
1781,2025-09-07,tec_12,Centro,reparo,True,,0.0,0.93,68,False,CABO
1782,2025-12-17,tec_01,Oeste,reparo,True,,0.0,0.74,77,False,ONU
1783,2026-02-12,tec_09,Sul,reparo,True,,0.0,0.86,47,True,ONU
1784,2026-04-08,tec_02,Sul,instalacao,False,identificacao_porta,0.0,0.43,129,True,ONU
1785,2025-11-24,tec_10,Sul,instalacao,False,documentacao,241.67,0.41,136,False,ONU
1786,2026-02-07,tec_09,Sul,reparo,True,,0.0,0.94,36,False,ROTEADOR
1787,2026-04-10,tec_10,Oeste,reparo,True,,0.0,0.85,64,False,ROTEADOR
1788,2026-02-26,tec_06,Centro,instalacao,False,documentacao,0.0,0.3,137,False,ONU
1789,2025-12-05,tec_06,Oeste,auditoria,True,,0.0,0.83,37,False,ONU
1790,2026-02-09,tec_03,Norte,auditoria,True,,0.0,0.93,57,False,ONU
1791,2026-01-14,tec_12,Oeste,reparo,True,,0.0,0.79,37,False,ONU
1792,2026-05-27,tec_01,Leste,auditoria,False,identificacao_porta,631.34,0.82,174,False,ROTEADOR
1793,2026-01-13,tec_11,Norte,instalacao,True,,0.0,0.97,68,False,ROTEADOR
1794,2026-03-14,tec_05,Oeste,reparo,True,,0.0,0.83,54,False,ROTEADOR
1795,2025-11-15,tec_06,Norte,auditoria,False,identificacao_porta,0.0,0.52,194,False,ROTEADOR
1796,2026-06-01,tec_07,Norte,auditoria,True,,0.0,0.77,46,False,ROTEADOR
1797,2025-10-17,tec_02,Sul,auditoria,True,,0.0,0.77,83,False,ROTEADOR
1798,2025-09-24,tec_02,Oeste,auditoria,True,,0.0,0.75,39,False,CABO
1799,2025-07-05,tec_11,Centro,reparo,False,vedacao_cto,0.0,0.3,102,False,ROTEADOR
1800,2026-02-28,tec_05,Norte,auditoria,True,,0.0,0.81,78,False,CABO
1801,2026-05-09,tec_11,Leste,reparo,True,,0.0,0.81,41,True,ONU
1802,2026-03-29,tec_01,Oeste,instalacao,False,identificacao_porta,0.0,0.75,174,False,ROTEADOR
1803,2025-12-12,tec_01,Centro,instalacao,True,,0.0,0.73,86,False,CABO
1804,2025-08-11,tec_07,Oeste,reparo,False,vedacao_cto,0.0,0.82,179,False,ROTEADOR
1805,2026-03-24,tec_12,Oeste,instalacao,False,identificacao_porta,434.84,0.69,196,False,ONU
1806,2025-08-29,tec_03,Centro,reparo,True,,0.0,0.79,45,False,CABO
1807,2025-12-15,tec_01,Norte,auditoria,True,,0.0,0.78,51,False,ONU
1808,2025-08-16,tec_11,Norte,auditoria,True,,0.0,0.78,71,False,ROTEADOR
1809,2026-01-12,tec_07,Centro,reparo,True,,0.0,0.99,62,False,CABO
1810,2025-12-22,tec_02,Sul,reparo,False,identificacao_porta,741.33,0.71,138,False,ONU
1811,2026-01-15,tec_09,Norte,auditoria,True,,0.0,0.82,78,False,ONU
1812,2026-01-19,tec_10,Sul,auditoria,False,sobra_fibra,154.73,0.47,177,False,ONU
1813,2026-06-25,tec_11,Centro,auditoria,True,,0.0,0.86,79,False,ROTEADOR
1814,2026-01-09,tec_08,Centro,instalacao,False,ancoragem_cabo,0.0,0.38,193,False,ONU
1815,2025-12-01,tec_08,Norte,instalacao,True,,0.0,0.96,36,False,ROTEADOR
1816,2026-01-17,tec_06,Leste,reparo,False,documentacao,0.0,0.46,160,False,ROTEADOR
1817,2026-06-29,tec_01,Sul,auditoria,True,,0.0,0.88,63,False,ROTEADOR
1818,2025-10-09,tec_04,Leste,instalacao,True,,0.0,0.92,71,False,ROTEADOR
1819,2025-07-29,tec_11,Sul,reparo,False,identificacao_porta,0.0,0.4,173,False,ROTEADOR
1820,2025-07-18,tec_12,Oeste,auditoria,True,,0.0,0.8,73,False,ONU
1821,2026-02-23,tec_11,Oeste,auditoria,True,,0.0,0.8,76,False,ONU
1822,2026-06-08,tec_02,Norte,instalacao,True,,0.0,0.88,71,False,ROTEADOR
1823,2026-05-27,tec_07,Norte,instalacao,True,,0.0,0.76,55,True,ROTEADOR
1824,2026-04-01,tec_01,Centro,auditoria,True,,0.0,0.74,88,False,ONU
1825,2025-10-01,tec_11,Norte,instalacao,True,,0.0,0.72,63,False,CABO
1826,2025-08-14,tec_04,Norte,auditoria,False,outros,209.07,0.32,159,True,ROTEADOR
1827,2025-11-28,tec_09,Norte,instalacao,True,,0.0,0.88,79,False,CABO
1828,2026-06-05,tec_04,Leste,auditoria,True,,0.0,0.77,54,False,ROTEADOR
1829,2025-12-31,tec_09,Sul,auditoria,True,,0.0,0.84,70,False,ONU
1830,2025-11-08,tec_07,Oeste,instalacao,False,identificacao_porta,0.0,0.38,124,False,ROTEADOR
1831,2026-03-19,tec_11,Sul,auditoria,True,,0.0,0.76,85,False,ROTEADOR
1832,2026-03-30,tec_02,Norte,instalacao,False,vedacao_cto,433.41,0.34,124,True,ONU
1833,2025-10-22,tec_07,Sul,instalacao,True,,0.0,0.98,46,False,CABO
1834,2026-06-24,tec_02,Leste,reparo,True,,0.0,0.8,41,False,ROTEADOR
1835,2026-06-13,tec_03,Sul,reparo,True,,0.0,0.89,89,False,ONU
1836,2025-09-18,tec_11,Centro,instalacao,True,,0.0,0.88,52,True,ROTEADOR
1837,2026-06-27,tec_11,Leste,instalacao,True,,0.0,0.82,64,False,ROTEADOR
1838,2025-10-26,tec_12,Leste,auditoria,False,identificacao_porta,436.06,0.82,100,True,CABO
1839,2025-11-24,tec_10,Sul,instalacao,True,,0.0,0.96,62,False,ONU
1840,2026-03-30,tec_11,Sul,auditoria,True,,0.0,0.89,88,False,CABO
1841,2026-06-04,tec_06,Oeste,auditoria,True,,0.0,0.97,68,False,ONU
1842,2026-03-26,tec_11,Norte,instalacao,True,,0.0,0.82,43,False,CABO
1843,2025-08-27,tec_03,Norte,reparo,True,,0.0,0.95,89,False,ONU
1844,2025-07-02,tec_05,Norte,reparo,True,,0.0,0.78,54,False,ONU
1845,2026-03-07,tec_08,Centro,instalacao,True,,0.0,0.85,54,False,CABO
1846,2025-07-05,tec_03,Norte,auditoria,True,,0.0,0.74,67,False,ONU
1847,2026-06-02,tec_01,Oeste,reparo,True,,0.0,0.82,58,False,ONU
1848,2026-06-02,tec_02,Sul,reparo,True,,0.0,0.82,62,True,CABO
1849,2026-02-01,tec_01,Sul,reparo,False,identificacao_porta,666.1,0.39,124,True,ONU
1850,2026-01-21,tec_12,Oeste,auditoria,False,identificacao_porta,443.15,0.76,92,True,ONU
1851,2025-12-23,tec_04,Leste,auditoria,False,vedacao_cto,333.05,0.3,144,False,ONU
1852,2025-08-28,tec_04,Sul,instalacao,False,sobra_fibra,276.62,0.44,193,True,ONU
1853,2025-09-15,tec_10,Centro,instalacao,True,,0.0,0.73,47,False,ROTEADOR
1854,2026-01-11,tec_02,Oeste,instalacao,True,,0.0,0.9,49,False,CABO
1855,2025-12-03,tec_07,Oeste,auditoria,True,,0.0,0.98,80,False,ROTEADOR
1856,2026-06-04,tec_01,Leste,instalacao,True,,0.0,0.85,73,False,ONU
1857,2025-08-27,tec_06,Sul,reparo,True,,0.0,0.87,90,False,ONU
